{"cameraMode":{"drawMode":0,"name":"Shaded","section":"Shading Mode"},"sceneLighting":false,"audioPlay":false,"sceneViewState":{"m_AlwaysRefresh":false,"showFog":true,"showSkybox":true,"showFlares":true,"showImageEffects":true,"showParticleSystems":true,"showVisualEffectGraphs":true,"m_FxEnabled":true},"in2DMode":false,"pivot":{"x":1.048415184020996,"y":-0.11988353729248047,"z":-0.8967781066894531},"rotation":{"x":-0.08088502287864685,"y":0.9112644791603088,"z":-0.21606893837451936,"w":-0.3411301076412201},"size":11.163287162780762,"orthographic":false}